<beans xmlns="http://www.springframework.org/schema/beans"
  xmlns:xsi="http://www.w3.org/2001/XMLSchema-instance"
  xsi:schemaLocation="
    http://www.springframework.org/schema/beans 
    http://www.springframework.org/schema/beans/spring-beans.xsd">
	  
 <bean id="Cus" class="com.model.Customer">
	  <constructor-arg name="cid" value="8756"></constructor-arg>
	  <constructor-arg name="cname" value="Pooja"></constructor-arg>
	  <constructor-arg name="csalary" value="20000"></constructor-arg>
	  </bean>
<bean id="cusdao" class="com.dao.CustomerDao">
	  <property name="jdbctemp" ref="jdbcTemplate"></property>
	  </bean>
<bean id="jdbcTemplate" class="org.springframework.jdbc.core.JdbcTemplate">
	  <property name="dataSource" ref="ds"></property>
	  </bean>
<bean id="ds" class="org.springframework.jdbc.datasource.DriverManagerDataSource">
<property name="driverClassName" value="com.mysql.cj.jdbc.Driver"></property>
<property name="url" value="jdbc:mysql://localhost:3306/pooja"></property>
<property name="username" value="root"></property>
<property name="password" value="BTSjin@2109"></property>
	  </bean>
</beans>